quiz_id,question_id,user_id,correctness,quiz_date,category
1,101,101,true,2023-07-01,Orientation
1,102,101,false,2023-07-01,Coordination
2,101,101,false,2023-07-02,Orientation
2,103,101,true,2023-07-02,Perception
3,101,101,true,2023-07-08,Orientation
3,102,101,true,2023-07-08,Coordination
4,104,101,false,2023-07-08,Perception
4,105,101,true,2023-07-08,Orientation
5,101,101,false,2023-07-15,Orientation
5,102,101,true,2023-07-15,Coordination
5,103,101,true,2023-07-15,Perception
6,104,101,true,2023-07-15,Perception
6,105,101,false,2023-07-15,Orientation
7,101,101,true,2023-07-22,Orientation
7,102,101,false,2023-07-22,Coordination
8,103,101,true,2023-07-22,Perception
8,104,101,true,2023-07-22,Perception
9,105,101,true,2023-07-22,Orientation
9,101,101,true,2023-07-29,Orientation
10,102,101,true,2023-07-29,Coordination
10,103,101,false,2023-07-29,Perception
11,104,101,false,2023-07-29,Perception
11,105,101,true,2023-07-29,Orientation
12,101,101,false,2023-08-05,Orientation
12,102,101,false,2023-08-05,Coordination
12,103,101,true,2023-08-05,Perception
13,104,101,true,2023-08-05,Perception
13,105,101,true,2023-08-05,Orientation
14,101,101,true,2023-08-12,Orientation
14,102,101,true,2023-08-12,Coordination
15,103,101,true,2023-08-12,Perception
15,104,101,true,2023-08-12,Perception
16,105,101,false,2023-08-12,Orientation
16,101,101,false,2023-08-19,Orientation
17,102,101,true,2023-08-19,Coordination
17,103,101,true,2023-08-19,Perception
18,104,101,true,2023-08-19,Perception
18,105,101,false,2023-08-19,Orientation
19,101,101,true,2023-08-26,Orientation
19,102,101,true,2023-08-26,Coordination
20,103,101,true,2023-08-26,Perception
20,104,101,false,2023-08-26,Perception
21,105,101,true,2023-08-26,Orientation
21,101,101,true,2023-09-02,Orientation
22,102,101,true,2023-09-02,Coordination
22,103,101,false,2023-09-02,Perception
23,104,101,false,2023-09-02,Perception
23,105,101,true,2023-09-02,Orientation
24,101,101,true,2023-09-09,Orientation
24,102,101,false,2023-09-09,Coordination
25,103,101,true,2023-09-09,Perception
25,104,101,true,2023-09-09,Perception
26,105,101,false,2023-09-09,Orientation
26,101,101,true,2023-09-16,Orientation
27,102,101,true,2023-09-16,Coordination
27,103,101,true,2023-09-16,Perception
27,103,101,false,2023-09-16,Perception
28,104,101,false,2023-09-16,Perception
28,105,101,true,2023-09-16,Orientation
